search_term,title,url,price,image_url
laptops,SGIN Laptop 17.3 Inch computer with 4GB RAM 128GB SSD Dual Core Up to 2.6 GHz,https://www.ebay.com/itm/315840495626?_skw=laptops&itmmeta=01JTM07V2EF91AJCXNT4NP1453&hash=item49898f800a:g:XXIAAOSwb5hnCO~u&itmprp=enc%3AAQAKAAAAwFkggFvd1GGDu0w3yXCmi1d19sMDRyCRk8fOkl3%2FKK0TtTkAaJYJ2%2Fozm3N10CIgqMAmWIugW4HB14uFKU2BTlyaHryzCGeJLJSCWKSaI8zCkaocW13Cwbd%2FFYwuYRNfq7obArCuRgBxr8CEEJeAoiD5F9UaG2it%2B99pDWHvr8S8H48Fe10Ix8bYjElOfp6nErkq2vZfY4tvWdIgAxIMOZkJve87GIEIKGo980BPePeMvhhuXgcbPx3jQpwk6wmxnQ%3D%3D%7Ctkp%3ABlBMUM6xn4DVZQ,$179.99,
laptops,Dell Latitude Rugged 5414 i5 6300U 2.4GHz 16GB RAM 500GB SSD Win10  BLACK TOUCH,https://www.ebay.com/itm/376118595957?_skw=laptops&itmmeta=01JTM07V2ET4EQNGYEG2V5DB9V&hash=item57926a5175:g:w6oAAOSwft1mQnD1&itmprp=enc%3AAQAKAAAAwFkggFvd1GGDu0w3yXCmi1ebjDGGBmSkAZbJ3Xxub45yH7lKBJ9LthR0eJpYpgLofeEduqeecsOLOsp1p8E884rn4AXAVkP4V5NftNieHjR8rCHlRNeJJm6M6LQD%2BSZ72u4bn%2BjZ4ZrkTTu1IYcxd7LbFXDxEU8TC2KnUqkT6L7aZnL0dJ7AlzkbtLDVgsrCYfKw8KRG9IoxW5XCZDrvTS3%2BT%2BV%2F1vc0TZPN8zgfbvqTOqRdRNfbKFBi%2FdJJ7jF4Bw%3D%3D%7Ctkp%3ABlBMUM6xn4DVZQ,$388.88,
laptops,Panasonic  CF-31   MK5  5th GEN Core i5 WIN10  16GB 2TB SSD GREEN,https://www.ebay.com/itm/375435294919?_skw=laptops&itmmeta=01JTM07V2EY0HB612TGQXSR7HT&hash=item5769aff8c7:g:oFkAAOSwoyNmR4R~&itmprp=enc%3AAQAKAAAAwFkggFvd1GGDu0w3yXCmi1dV1H1O76Luey3ARV6tH7SpUvFsDqOFQe2Ul6Wl5Lu6SS%2F5PH9RiPIxkmDFyqqMWoIFJxbzW3w65OS2vRRVydaa9%2BkbeDfR%2BXDAe9eNHLdFereMB%2FYG8XK09pjhMZ6fkcrA7XcJNSB20DuRJanYDO%2BQ75OOyC9%2BB43v9M%2Fjq%2BnyBKalk7T%2BhajxVyGmUGjT7HHeQQMVPYOqYgERp%2FIG0zW7XEsEZcyRThhHWi%2FlxJFjmw%3D%3D%7Ctkp%3ABlBMUM6xn4DVZQ,$504.44,
laptops,Dell Latitude Laptop Light Gaming PC Core i7 16GB RAM 256GB SSD Windows 10 Pro,https://www.ebay.com/itm/264714553889?_skw=laptops&itmmeta=01JTM07V2EFH32DA5XP3D0G7EP&hash=item3da2378a21:g:spkAAOSw~UNoCPgo&itmprp=enc%3AAQAKAAAAwFkggFvd1GGDu0w3yXCmi1fa6JnZl0PJbbL%2BlOGwiNDJBLK0C5YVuOg%2FREUDtxtWipaLBsa6kxQEL%2F9aC3Il4UwbeWKb1suftZ9OGwqGH23wEX%2F7vvw7VOxG4NFuX5xW2sHvNIENYpd9ea5SSq58ZkFjL1Tg%2BjK%2FtaleahRPyaf4D4iO4gPAyl9f4sm2fBMLK39X1ElN%2FV%2FQlk%2BW40O%2B1WIxKRkU0c%2FeUiJ3KIYeQGp5PS8Xyh8JTTwKpG23NoV3kQ%3D%3D%7Ctkp%3ABlBMUM6xn4DVZQ,$299.29,
laptops,SGIN 15.6 Inch Laptop 12GB RAM 512GB SSD Computer with 5G WiFi  Up to 2.9GHz,https://www.ebay.com/itm/387635594054?_skw=laptops&itmmeta=01JTM07V2EESVXAA90KBJXFSJM&hash=item5a40e1c346:g:~HUAAOSwv-Fn~2wz&itmprp=enc%3AAQAKAAAAwFkggFvd1GGDu0w3yXCmi1fDDucOwR0HrYZkaM6AlAQLKTELv8h1xlz7MhpMJWAK9QUrydarvuOtjHH70v8uiFSzCYMPkrU%2F5p%2B94OLARnnK8PWm3lwEpJVEjIGx%2F9GCGI8UCHmWn2cOfgUhqg0wcrZxRjejrfU4XrbE68vUnnQyx3DWwWdP48ojRrFGzEPUi%2F8zF9iDWHfce40br9W9lmbsFpmiBPFLw8FD%2Fc%2BckNKVnuIx63URJl--6De8lIwjlw%3D%3D%7Ctkp%3ABk9SR9Cxn4DVZQ,$133.23,
laptops,"HP EliteBook 845 G8 Laptop 14"" Windows 11 6-Core Ryzen 5 4GHz 8GB RAM 128GB SSD",https://www.ebay.com/itm/254582474636?_skw=laptops&itmmeta=01JTM07V2E8J4H7WDEC6Y2VEWN&hash=item3b464c478c:g:rJ0AAOSwLCloFa0z&itmprp=enc%3AAQAKAAAAwFkggFvd1GGDu0w3yXCmi1cJ91PZij3pdBtR9icAGEa1uML%2BU6q5rOBvyDFr%2B9enf8LDfslV3QDvgdCDkkx1NrC1O2p7pLreucAZN7iinma9Ya%2FWD3lG3LlWEieQnWxcJ5yPmH8iW4sV%2BnDFGyRTO1UwmsmKJLb66wlpM7ibv2eIxnxsgIeLzJmuMOMCLXgdIMHMopBxLcP8fieH6y%2BGKRhYIZLn0mrnGUHxdrm09B%2Fv4J4LTWewFeUOd5DwEFvT2g%3D%3D%7Ctkp%3ABk9SR9Cxn4DVZQ,$209.99,
laptops,"Dell Precision 15.6"" FHD Laptop 6-Core i5 4.6GHz 32GB RAM 512GB SSD Windows 11",https://www.ebay.com/itm/256496543516?_skw=laptops&itmmeta=01JTM07V2EJKZ57FTBFBYAKCFE&hash=item3bb862a71c:g:3CsAAOSwm9RoEEa5&itmprp=enc%3AAQAKAAAA4FkggFvd1GGDu0w3yXCmi1f%2BjEkUb3XnY%2BNuweU7XBvOF6rZDIKRj24iV6p3G%2Fo3eA2Ut2gZZJh%2FurZybptrmghbddzclbLKnYFeXqxsl0FPqcQwdURGOSvhHwN%2BUzHhYzfvePgIjm9rgqUcQWIaWdmWvm8jOHefDyi2HwyITy396T8nQg8Lh1Ri30hvmv7eOnq5wkbKjsNbwS5uJ1oLgUraCLPzoEsVLhEx1xJkEV8lQ3dVtCacHcJ2i2F7VcvFy2gPTq%2BCZ08g%2FOyfkANrmwopmJ6IqdGzr%2FonWli20C3v%7Ctkp%3ABk9SR9Cxn4DVZQ,$279.34,
laptops,"HP EliteBook 840 G2 Laptop PC Computer 14"" Core i5 8GB RAM 256GB SSD Windows 10",https://www.ebay.com/itm/254654754368?_skw=laptops&itmmeta=01JTM07V2EWD9PGM7N3DBDVF7X&hash=item3b4a9b2e40:g:Dg4AAOSwMd5oGXpw&itmprp=enc%3AAQAKAAAAwFkggFvd1GGDu0w3yXCmi1eMfNFKRVQEeEaZALtgssOn8rwLSUupwozYpJVfsFq3RHl2wC%2BTcAisrvrmSBwlc7rZyuo%2BqHENqwV8yAYsSS46YE4GIzajpjBWgL5QEl0A9x6b1Hh%2BLzQP8tLgMIJfixKOE%2FBEFZnPrEktanj3X%2FrfiPSpC6znYDkvMJOct34AyJa8pY4pzoRKVVfzfDpBZk1t%2FFxi9vZ5SUIn%2FmSdICIFbAsyEy7hHfEU47SNUGfG5w%3D%3D%7Ctkp%3ABk9SR9Cxn4DVZQ,$140.02,
laptops,"HP EliteBook 845 G8 Laptop 14"" Windows 11 6-Core Ryzen 5 4GHz 8GB RAM 128GB SSD",https://www.ebay.com/itm/254582474636?_skw=laptops&itmmeta=01JTM07V3PAXQ7RZP1MHRS85J7&hash=item3b464c478c:g:rJ0AAOSwLCloFa0z&itmprp=enc%3AAQAKAAAA4FkggFvd1GGDu0w3yXCmi1d2u%2BTJbpfFCtqBvCGWMvOfOIOeUvUr%2FXAuuP4ONioGbWlOLkO%2FpOopNBegIivdIVS2F7uz2flOBWEYxKHBz%2FhBu3B7CfzaIhrquIJIlN94GrEahW5om38A6maQMn%2BCb%2FmkdOFxGA6hc%2ByQIJ3bU%2FsSHN9fby3LNTT7GnTuzKHfOKlhvNbHhpxDXHpa0PmAehFUZxBUgOundeiDfZZTLI2PrD8GR6QRTH0yd%2BXtOW4j4yuqKZbvwDyTNJbuQKrYjOtyt1Ap4DV%2Bs3GI%2FDJrQ5zY%7Ctkp%3ABFBM0LKfgNVl,$209.99,
laptops,"Dell Precision 15.6"" FHD Laptop 6-Core i5 4.6GHz 32GB RAM 512GB SSD Windows 11",https://www.ebay.com/itm/256496543516?_skw=laptops&itmmeta=01JTM07V3PGQJ8HRCXRBP720GP&hash=item3bb862a71c:g:3CsAAOSwm9RoEEa5&itmprp=enc%3AAQAKAAAA4FkggFvd1GGDu0w3yXCmi1d3o97uDKize%2FM5ozv1GLw7ItGAi0FCKbe3SeAm7zuvXL%2Bx4TFgfRX1MnXfLblF6KEyaOq12ikhA%2BNvA2lpiU1AzujQUmONQk22WxlzZtv%2BWBAPZ2qreqAqYzD7vvuOaQfryR2MhFw3TWmNz%2FcNfV6hPda1G5%2Ftjxjr507%2BAWn14to0t8jFXDNvRK2%2FJpxxEQMLGbae%2BUH5JhkEC3wl0XXWP3iHGgWeDv30EnzKzF5w1Ar3NeTBw%2FkmLdcdJe2DF450zqTimotwRPdYlQKYnGQ2%7Ctkp%3ABFBM0LKfgNVl,$279.34,
laptops,SGIN 15.6 Inch 4GB RAM 128GB SSD Laptop Notebook  Webcam USB3.0 Up to 2.6GHz,https://www.ebay.com/itm/235800350189?_skw=laptops&itmmeta=01JTM07V3PW59409A071BHTBV2&hash=item36e6cbcded:g:xkAAAOSwvitoGgT3&itmprp=enc%3AAQAKAAAA4FkggFvd1GGDu0w3yXCmi1etqgKLnHugB64NvEnI02WJU9UNqk11bfgdSltiATq0I%2F8YXvcuqb7kvkY6MCN5OHenhEBP4%2FMjDrYN8C6PsHKeiY47YXvVM9zfaYoZkF4wUyYLGkyye5hpe%2FHG3Dm8jl%2BauZKzoWq0QpenhpgbE2ip6mlnyZ2VWebCg1HzCWSYb1PdPwv3RYVdiKJTA2Db%2BfuWZRtCF3kbdc1TN2Mbj%2B66nzhKyr4f9LY%2F38MGPz5lgbRoLUH%2Fe9m8craUf3EOPIgUFmYocqVcyN3%2BQ3AzxxqO%7Ctkp%3ABFBM0LKfgNVl,$125.99,
laptops,"Dell Latitude 7400 14"" HD Laptop Computer Core i5 16GB RAM 256GB SSD Windows 11",https://www.ebay.com/itm/283951308518?_skw=laptops&itmmeta=01JTM07V3PN4RE33JGYHDZ2H82&hash=item421cd11ee6:g:ZyAAAOSwC65oDGiy&itmprp=enc%3AAQAKAAAA4FkggFvd1GGDu0w3yXCmi1eRzkR9g7OAKOrkYwAu6BAr1OndQNavBC5xCN2uaJ3wEEl24AyfNWLFlaLTiuIcJgDP25cPazdZvtn%2FECK3zCvPqZsD4ie0czXZvT0J7nENSqiwMMh62XYAfcNjScGZsBu4k1Ibl447nGt%2FZTa1XUnnpW3AirO6Rk%2BjJVffTzy8lxnnL5PflBtnpxWfD%2BjVyHRRRwVpg%2BuvFkZd5AnVZDiCuD3DwFX9exG3J62VoUoiifMzzc6QWFJaxD4%2BUSNb9fI%2FZ8zj%2BoksUN4kP6RlTCIc%7Ctkp%3ABFBM0LKfgNVl,$201.48,
laptops,"CHUWI - 14.1"" Laptop - Intel Celeron 2.8GH- 8GB Memory - 256GB SSD - HDMI Silver",https://www.ebay.com/itm/335503508427?_skw=laptops&itmmeta=01JTM07V3P3GG2PEW3MEWAYDT7&hash=item4e1d9143cb:g:zfwAAOSwFflmC-Nt&itmprp=enc%3AAQAKAAAA4FkggFvd1GGDu0w3yXCmi1dRs%2BKqpvyW5NPqijqhA3ZNAY09PnuEgoWyrZRcpyVlrqK01OAjyCPKLj8e3NLE4hFr13rIWp84K3qIvAPkM4KTZ3Jq4rIxAnICww9qDjA81Ti9GINntNxinasSYWvTqdtT0W9olF79JiGe%2BY1cPSzKYA1oO88Ta5Ogz2EdOYlfhiXwt2W6AmaTszeZyVVmZ0R7NKYOsh17rtDgS0w%2Fuw48KX1jM65EzVs6kpwNXz9TlEPOQXxbA59HBO4kpBTwZ7Q9mgMRB59XhEMosBNwE8YA%7Ctkp%3ABFBM0LKfgNVl,$107.95,
laptops,"HP Chromebook 11 G6 11.6"" Intel 2.40 GHz 4 GB RAM 16 GB eMMC Bluetooth Webcam SD",https://www.ebay.com/itm/115603286837?_skw=laptops&itmmeta=01JTM07V3P3RST4FNTH4E2MRZJ&hash=item1aea7e2b35:g:yscAAOSwF25nW91c&itmprp=enc%3AAQAKAAAA4FkggFvd1GGDu0w3yXCmi1fCTHwQ7Jrwsb1XJPj9E0fuHmJoQD9b6%2BfbEUbiEOAo52AUYOXdzusM6xDIfRHfPsdRGyjOGKFGElFuKlb4ildFyuYar3kLcrtkfOApm261HdVTe%2FRLV8nP0f1yomarBVWlY1CGpEBsYXU3210j%2BGiDSWzktcPYX88JgNcqAxC%2FzNUbMwJfsQl7lk9jZX7lO5ho0TuIdxigk7p1HhCrsXDESVnBn%2BuH4AeEysgqu%2Ff3Z5rv0f6t%2FQ96e%2BwDcKzjCShg%2FIik52HqerXviYU7TlBn%7Ctkp%3ABFBM0LKfgNVl,$69.99,
laptops,"~BLACK FRIDAY SALE~ 15.6"" Dell Latitude Laptop PC: Intel i5! 16GB RAM~512GB SSD!",https://www.ebay.com/itm/115975817889?_skw=laptops&itmmeta=01JTM07V3PXW6G3EJMSPFCHC2H&hash=item1b00b28aa1:g:FnEAAOSwX3BnRKzr&itmprp=enc%3AAQAKAAAA4FkggFvd1GGDu0w3yXCmi1d1S%2FujLGY4eCJ1TbuMtynzksZTcDnXUCBQUvecTJwMCJ%2Foan10Y57VH45TDuJNkJghcNqvIEQgY9crpfvaXckQIVbgMlkGuP9OVge6rHJVYVK44Z%2BNRquxwEHrFnkyuU88f7PEuiOicYMu6%2Bmhy%2F7od7t2LarymvZcjqpwIBs3zePRjK%2FTVg9gMyY78BQod%2F0uOZIAm8ZVbXjUKAv7CAPAVcWyykyxBCU6LIq3ZUAKpSMergbw%2FDmBA1S434pzsWq7Q5wt%2F%2BnVnHBMK3aHwNB%2F%7Ctkp%3ABFBM0LKfgNVl,$219.95,
laptops,"HP Chromebook 11 G5 11.6"" Intel core 1.60 GHz 4GB RAM 16GB eMMC Bluetooth Webcam",https://www.ebay.com/itm/116039412507?_skw=laptops&itmmeta=01JTM07V3PZ32EHJEDH2NYQFYA&hash=item1b047ceb1b:g:-lQAAOSwNZpnly7T&itmprp=enc%3AAQAKAAAA4FkggFvd1GGDu0w3yXCmi1ck2EssV%2B7wkPahNDWhSXNZeJNq9OFXutPrCZtcYZKMxCCefV6ztsbL6L3HEnZ9RRm7JmAO6tuCAJMg6xvc3CoBgzwpgYo2LjDTHT1hszwhHzdWp0HWeVojOR1x4bohkmr6Bw6dqreFBUaYtr7o4NJEDs2%2BLPBY96DfBalskqc8m7ZNdk6Xl0HA6%2FSYDHMIfLG4I%2FmSDyWxVpfWQcVmFyBNvCk87WMN2Xt8bwqT%2Fhwb3SAFfFLqfS0FOylfhMjFEdGq9%2B9CYq4Fvdm%2FP2gJC4pI%7Ctkp%3ABFBM0LKfgNVl,$59.99,
laptops,"Lenovo Laptop PC Computer 11.6"" Intel Celeron N4000 4GB RAM 64GB SSD Windows 10",https://www.ebay.com/itm/254170214367?_skw=laptops&itmmeta=01JTM07V2ENS9FBNMSK7Y6WQF0&hash=item3b2db9afdf:g:MfsAAOSwUwJoFak-&itmprp=enc%3AAQAKAAAAwFkggFvd1GGDu0w3yXCmi1eiw%2BylSIPDjeO1gH%2BSHaPaSJfwsiCKXlRiIKrLm7qh2Np6kDcZL8G2eNWJt%2FR3DwnhYuFYzDjIV%2Bb8UD%2BcF9kkge0dJBq0opjWF3ioc%2B80U8aTl0SQEuK4MuXhmmtBQkzJwE24ijOoEWCqcX2occCKL98zk1F3bnSpcDynPi7WBYcGfYc9i1TFPoidGqhI%2FxRg8AZwOnUSw01b9DhGR5%2FPUJIIx6tzlcmUo87rLhsRpA%3D%3D%7Ctkp%3ABk9SR9Cxn4DVZQ,$82.19,
laptops,SGIN 15.6 Inch 4GB RAM 128GB SSD Laptop Notebook  Webcam USB3.0 Up to 2.6GHz,https://www.ebay.com/itm/235800350189?_skw=laptops&itmmeta=01JTM07V2EVCAT5YCM4F7N99BG&hash=item36e6cbcded:g:xkAAAOSwvitoGgT3&itmprp=enc%3AAQAKAAAAwFkggFvd1GGDu0w3yXCmi1erO6FbboGO5ypRspPZtC5hn44A%2BkI2P3YKhz01lDarjp98xJHToJN0G4c%2BU78LO5CNYN5qs10XsGuVU5lUHF84dZ8XCZYkbR1QfEq4mka5v754R%2FnmZ58kb96BzMMlxKM78y1CoqZtNOsIo5oPZzWAZFuRTzqDq6gM1eh7kKP51h73uZ9LUR4rDMciKOfT7ATpUyTLiVvutPsdSFVulp98Gb5rg%2BW9blYIXt25UHgyDw%3D%3D%7Ctkp%3ABk9SR9Cxn4DVZQ,$125.99,
laptops,"HP Chromebook 11 G4 11.6"" 16GB eMMC Intel Celeron N2840 2.16 GHz 4GB RAM",https://www.ebay.com/itm/405782266609?_skw=laptops&epid=1561208837&itmmeta=01JTM07V2E6GJN7RAW4HK3KFZ6&hash=item5e7a8202f1:g:-PwAAOSwQWZoAmgZ&itmprp=enc%3AAQAKAAAAwFkggFvd1GGDu0w3yXCmi1ct%2BXNyyvvdWZsaTPW%2BMrTrjvLSseNesaqwtPNIApJPwo%2FAWD6bdEL%2B0ndxjpqhz6nMyGmou6IrNFWHEoHnf12ZWTVLs%2BchQQjwUpJbpuxeq9%2FxWm%2B6GkHjT7jY4z1ah04lMF8QECplmmMVzAh%2BkzcchLucnNw258qc31Xo7%2FLtaBXi7Kh4Xgjy3xh1bxkHSLDDjs4o2d3t%2B49S7UibxgP8xXpf1BcFAjD785mB%2Fjr4xQ%3D%3D%7Ctkp%3ABk9SR9Cxn4DVZQ,$35.39,
laptops,"2024 Lenovo IdeaPad Laptop Notebook 15.6""  Intel Processor Upto 20GB RAM 1TB SSD",https://www.ebay.com/itm/126716305927?_skw=laptops&itmmeta=01JTM07V2EXEPC2W7NJ3H0RFCG&hash=item1d80e16207:g:2YQAAOSwoqxnCBl4&itmprp=enc%3AAQAKAAAA4FkggFvd1GGDu0w3yXCmi1dR0xxtGBF17ijuj0mVffLeul9L26nAP%2FW%2FAqMwiwaNtvK2IyAjPYmghTEi4VcKh8Z0D3ST22u6QZJ6Ce4MkbGsL1EoZCUVHJKGNWez8ri8hW3qX%2BGPKpF5OLtVPG5jQjmYWvLUMlRSqsI0Gy%2FnUeciGvKvLMid66lMX34%2FdNFXekgF%2BrcslizrbcRGRo%2B6O47A8PAS5dB7%2F%2B7PklsOoWefu689bKu787lMayKqwFSdfkAoskWxDn5%2Baku6Ii13b5XzNGbN%2FhoOyKcgPgN0kyFg%7Ctkp%3ABk9SR9Cxn4DVZQ,$239.00 to $359.00,
laptops,"14"" Dell Latitude Laptop PC: Intel i5! 16GB RAM! 256GB SSD! Windows 10 Pro!",https://www.ebay.com/itm/116057255669?_skw=laptops&itmmeta=01JTM07V2EJFW3BRMW3YYAA7MZ&hash=item1b058d2ef5:g:QzQAAOSwJZRn7q3S&itmprp=enc%3AAQAKAAAAwFkggFvd1GGDu0w3yXCmi1dNQk213YVf4a2RrWjvXNwUICOAEkJzTu7xtVMC0HuOGFy0058LsAG2UGvkq8JLmr2NTO65pmQg%2FZBE4Eh5dBhDfspaawhZYuOFoVirMHEU0dsfyCgFgDomGYLvdioeNPufUUbLXwHdtmX%2BeMm3CUkofl3rMhM543y8hGhgVkbpY3HOncnc8Zxl62t1vhbKSTmcg25Be%2FwaMYWr73gYXucgx2G1J1N4OZIeXZOJt9SqhA%3D%3D%7Ctkp%3ABk9SR9Cxn4DVZQ,$164.95,
laptops,Dell Latitude E6420 XFR Core i7 CPU 500GB SSD 16GB RAM WIN10 BLACK CARBON,https://www.ebay.com/itm/286469206484?_skw=laptops&itmmeta=01JTM07V2EKGX37SR7VE1CY1DG&hash=item42b2e531d4:g:ti4AAOSwbzJmLBAe&itmprp=enc%3AAQAKAAAAwFkggFvd1GGDu0w3yXCmi1f%2Bq3LWhXPk%2BoiXzbYl4xvZzOh6jKS2NqTDHV73kTSJNSQI8lsB073IaWvWVNxlGxw1PNXFU1Zhd69n%2FCala5xIF906i9ZjI8wt5K6PICVjlDZUUOSXHT3xNhglCokIJ2IAdUSAkyrPH34%2FYVZyBxPnM%2B%2BvyRsTKlSlFyYj8FtwdBXlkmLg8PcS5%2BjAdNLrD9a1THscUNRx%2FTxLVXivZ2%2BtajLB6IhRYFB6IB6YGJX7sA%3D%3D%7Ctkp%3ABlBMUNCxn4DVZQ,$444.44,
laptops,Panasonic  CF-31   MK5  5th GEN Core i5  WIN10  16GB  500GB SSD WWAN  BLACK,https://www.ebay.com/itm/236047005664?_skw=laptops&itmmeta=01JTM07V2EBPAHBSC6VYYADD4D&hash=item36f57f77e0:g:BYcAAOSw8mRm~tvR&itmprp=enc%3AAQAKAAAAwFkggFvd1GGDu0w3yXCmi1fH7fxgcS4FjluPqE3sg0bjIHZJFQn5lcvHJR0%2FaU4Mu3yUzAVaVY4Wk5y4dUxfW1P1HA%2Bd0ulx9udizfBhgyb%2FyLtBvSPnk2nPxneBE0hISbtpjgkMWBBeqYA0z7bEnAxWiaavfCVs%2BWy%2FvGI2mRq%2FfEHAM6RX9fIVGj8BoWRIKuEpeVOEoV%2BkVN%2BREQqTm4TsqgQo5xYwNp9OUVp6weaUGeNNotH%2BJHPUb8G3xYGfqQ%3D%3D%7Ctkp%3ABlBMUNCxn4DVZQ,$333.33,
laptops,ACEMAGIC FHD Notebook Laptop Intel N97 AMD Ryzen 7 5700U 16GB 512GB SSD,https://www.ebay.com/itm/315746272225?_skw=laptops&itmmeta=01JTM07V2EPM2ZV3HYEDMYW6X3&hash=item4983f1c3e1:g:raAAAOSwB0Rn~hJl&itmprp=enc%3AAQAKAAAAwFkggFvd1GGDu0w3yXCmi1d2cNH5SGgyDUcJWxC6QD1XElUtz892IW%2FEYjPeVygsB90INPPwRGIRQEgIl5UVDDRzJcbgTLao9SL1ZCFB8oHWSdTtYabddma7IdLUvODadiSDcaxY0yv8rcWfDg5giXXFA5xPXZWIpc4sTBcUQLOrp4JjKeAs4FdWwtLcp8YXo5HkB31W3FBN%2FE9nSsbK3f2PIo7%2FZ41CrxTSSbmetXz%2Bcbxp5LXwU7mTmV5zoqgR1w%3D%3D%7Ctkp%3ABlBMUNCxn4DVZQ,$269.10 to $429.00,
laptops,"Dell 15.6"" Touchscreen Laptop Windows 11 Intel Core i5 4.40 GHz 64GB RAM 4TB SSD",https://www.ebay.com/itm/335720448847?_skw=laptops&itmmeta=01JTM07V2EKP4GC9MXSYE6TFKH&hash=item4e2a7f834f:g:SJ4AAOSwH5poBr2V&itmprp=enc%3AAQAKAAAAwFkggFvd1GGDu0w3yXCmi1fTwFRQsjIc%2Fe5Xo2mKsbOzTO2jlQ7MTQN3f8wF5sFgpkGKLjUCJhftBKApSfP0QvBF2NpCD9ZBH3GDi1sAIX6sq5fz7ySxJOLL039t8z9Fdz7ok86r43XRjKKd7XTFvcdg18Mukh2MpSH0fuoVtmoh6SFqZKCcwa8jJdtbLNHEif7LNvRaUKN%2F0J628LgqLMQO3TziH6vbolFDWXh0G0mPkJa40rOCIOpZz4k9zk8jZA%3D%3D%7Ctkp%3ABk9SR9Cxn4DVZQ,$339.99 to $737.00,
laptops,"HP - Envy 2-in-1 14"" Full HD Touch-Screen Laptop - Intel Core 5 - 8GB Memory ...",https://www.ebay.com/itm/196337568322?_skw=laptops&itmmeta=01JTM07V2EEF36Q24499Q32YR8&hash=item2db6a18a42:g:o6gAAeSwqLhnopff&itmprp=enc%3AAQAKAAAA4FkggFvd1GGDu0w3yXCmi1f2IeSelZhLXyQiRSEGo2CgZ5398HjTuCxeq%2F5bh%2ByAP89%2FPg4FzFRV0xXHZV%2BxgUflrWvowmv80zMEN37CnFJ2F2TMt5zogNBUdq5VpmPPg7xWtYqyf8WZUPqe3epME1KHDZhOsTe%2FZYdAC4FrCvGSpv%2FNaF9T1%2FtmpzqQCxd9QI4y6AW%2BV0qIL4pJ44c1pgd0Wt8AIgaYcQdmw7h%2B3iZ%2BcOgWoW4EhqdfH%2FfWVc6i%2Bzn6wBAEOfYvUfjgNfGTXTthIu8qOBhBA9QxC9Kb%2FnRe%7Ctkp%3ABk9SR9Cxn4DVZQ,Tap item to see current priceSee price,
laptops,"HP 15 Laptop 15.6"" HD Pentium Quad-Core N200 16GB 128GB SSD Webcam Win 11 Red",https://www.ebay.com/itm/305542356538?_skw=laptops&itmmeta=01JTM07V2E83D3EY9XDS3RZWM4&hash=item4723be5e3a:g:E9YAAOSwFklmMoOx&itmprp=enc%3AAQAKAAAAwFkggFvd1GGDu0w3yXCmi1dG%2BdmL8zUebF2VmkX03czN1qBqiH1sY0w7Nccitiy6YHkl%2FFIlsZDS2UO2FFiEGqQjkETDlmf8l5mh4KH0J%2BoyCOoLUFEGXtXjBKHTQqIRcq5lHhldJ3ZtvZWh0iCVrTgpqBOp9JfKIHm1TEcicBn%2Bm409hMWlLwNYQRaAxmbm%2FZgXOxe9tmckIm0QswNlVKw4Zb1lDg3ePeIXFZpAvq18Mw2vMDrapRvp7BFnabhJqg%3D%3D%7Ctkp%3ABk9SR9Cxn4DVZQ,$210.68,
laptops,Dell Latitude 14” 1920x1080 Core i5 Laptop Up To 32GB RAM 1TB SSD Windows 11 Pro,https://www.ebay.com/itm/256879744174?_skw=laptops&itmmeta=01JTM07V2E2EC8S117NAXDBDKX&hash=item3bcf39d4ae:g:gFoAAOSwV~doFOSy&itmprp=enc%3AAQAKAAAAwFkggFvd1GGDu0w3yXCmi1fd%2BZ%2Fz%2FXYxYXy9DZozrUceI8RoajwrTZ4MFz3kOAjAiM9v2epzrelBXuuWC3lIOC%2FyVHXHsObbNULqnSWcB4VzeLpQkaxUV49YaWLCBsAL%2FJ6%2FsnWYFV24o%2FUOfk4Ix60Zql5I3EGmQwtiErZGb8kuZJonYYHpqZMmSpptaxybTwIa%2BPXfB7dK4k6C9xgjj%2BTAyL0MIkpjrhdgeR2nw67UoMrG6RT3c%2FT6acpi%2BwBoug%3D%3D%7Ctkp%3ABk9SR9Cxn4DVZQ,$294.98 to $582.48,
laptops,Dell Latitude Laptop Light Gaming PC Core i7 16GB RAM 256GB SSD Windows 10 Pro,https://www.ebay.com/itm/264714553889?_skw=laptops&itmmeta=01JTM07V3QGQ9GCXK1W0145KYC&hash=item3da2378a21:g:spkAAOSw~UNoCPgo&itmprp=enc%3AAQAKAAAAwFkggFvd1GGDu0w3yXCmi1fa6JnZl0PJbbL%2BlOGwiNDJBLK0C5YVuOg%2FREUDtxtWigF5AT3f3Cgqx7CfGjjoilyMKjhOTh43FzfQC1jJBKhddoygsgMWy3IR8b9gmV57WC9p3jEKY1OHZJK2GhFs8eYqIvHa9NuQTpnN3le%2B4vtSoXEPkw6hH098mH%2BTo6ACFyRx7dR%2BZJX5xMkjgx5k%2BFGX1K31nXazT0wnoiJ2S38JEKJSQPsxkt9ecKaxa3D3vA%3D%3D%7Ctkp%3ABlBMUNCyn4DVZQ,$299.29,
laptops,Dell Latitude E6420 XFR Core i7 CPU 500GB SSD 16GB RAM WIN10 BLACK CARBON,https://www.ebay.com/itm/286469206484?_skw=laptops&itmmeta=01JTM07V3QBA818JPCWC9FMCTK&hash=item42b2e531d4:g:ti4AAOSwbzJmLBAe&itmprp=enc%3AAQAKAAAAwFkggFvd1GGDu0w3yXCmi1f%2Bq3LWhXPk%2BoiXzbYl4xvZjs0s%2ByYD8Iyam3nyEMB%2FE5klk2I1TQAHSCoigmHG7NCs4OdvOg4j47qd5naLmHlmmy4xxGjNNMorFcIjk1%2FVTrWzgkZ8VquiWZYj9sFZftsT3TwMD31ShCYvTCShzi6Rp4gftRfPsYpMNr9YmcqbWduIxzKP%2BKYexzGdlACW%2B96EOfDEd%2Btv67GrU8IkgcRL%2BI1xsbv%2BQCdqzwM6q1Tnvg%3D%3D%7Ctkp%3ABlBMUNCyn4DVZQ,$444.44,
laptops,Panasonic  CF-31   MK5  5th GEN Core i5  WIN10  16GB 500GB SSD   BLUE,https://www.ebay.com/itm/375963037308?_skw=laptops&itmmeta=01JTM07V3Q7ZJ9896KTWJ4SQ97&hash=item578924ae7c:g:NVAAAOSw8OFlCda4&itmprp=enc%3AAQAKAAAAwFkggFvd1GGDu0w3yXCmi1fKkEyJLuw9%2BGt8SVn2gUnOH7NO3UDU%2FakTPGzy%2FNUywSbhoy3IhOURuV%2Fj2bsUQb31QITqD12zknP56Hkti7UAm04PNPjWLKePvlPG6Em2%2B7DPRcEkb%2FlVyppT378V%2FjN2Ay40H39I9IexqpA1SFFcytC%2BN3Xk6AG6PF1D6eBFiytnaAhWUsFxLlGyBPec5rkD1Pf9YYklggFASZwaeikPVoXCFW0t0OuvTisHlbfGOw%3D%3D%7Ctkp%3ABlBMUNCyn4DVZQ,$303.33,
laptops,"Acer NitroV15-15.6""Laptop 8GB 512GB NVIDIA GeForce RTX4050 Certified Refurbished",https://www.ebay.com/itm/276743717431?_skw=laptops&itmmeta=01JTM07V3QD5JT71ZZCPEFB3YD&hash=item406f360237:g:mcYAAOSwwm9nP80U&itmprp=enc%3AAQAKAAAAwFkggFvd1GGDu0w3yXCmi1diASujo2rN0OFM129eqhO%2ByxWKNTyKGRAYJKu0v1vakRaOvjhckr0K1Esi7gbT2YElx9ImcKiVYCSjDGhe%2Fa7LZqrW4pLThvNjRykBJptUa%2Bqif1wrOH2ykQgVxaDJw78rOU26WcazsrOJmrlAebeql3AQxVjkzAFy6oCDd7pC%2BeDHUIBvNDdJtJDgBvldtBRWobDf0CdeveUBDND%2B4KwL0IZxwSk9AcGbmiQSyLE4pA%3D%3D%7Ctkp%3ABlBMUNCyn4DVZQ,$600.01,
laptops,"Acer Swift Go 14"" Laptop Intel Core Ultra 7 1.4GHz 16GB 1TB SSD Good Condition",https://www.ebay.com/itm/256698119823?_skw=laptops&itmmeta=01JTM07V3QCKAVSHTWX1P460C7&hash=item3bc466768f:g:bVgAAOSwRtVnRluK&itmprp=enc%3AAQAKAAAAwFkggFvd1GGDu0w3yXCmi1d8YAyVzzLDqqr1Vwt%2BoU6cVJVRqr9%2FZPlagG5BW7qk%2FV0ptyjhU%2FHNhenIXf4XDPLRVIyvz4aUSvPC%2FbfAzeGe3cTzKMS7HbvjXFih0hBmK0w%2BEhVsBvLcryVWCfHkGV76MIMo%2B%2FTSJmEmWWf8e1%2FXQhVyAngculVFHQ8QvJoFzveBXeU8O4LU4wtoSNUGRIHZI0oqAXOqQKAQDW%2BZ1leuFMo%2Bwtmyw1M%2Fl0xHVWy9aw%3D%3D%7Ctkp%3ABlBMUNKyn4DVZQ,$450.01,
laptops,2024 HP Laptop Computer 14 4-Core Intel Processor 16GB RAM Office 365 AI-Copilot,https://www.ebay.com/itm/116345882068?_skw=laptops&itmmeta=01JTM07V3QZNMW07E5NPNEWEK6&hash=item1b16c145d4:g:06sAAOSwy7hm~sau&itmprp=enc%3AAQAKAAAAwFkggFvd1GGDu0w3yXCmi1d9gg1KalMnzncS6Xu2cuu3WMVn7WvCokobi8RTvvAwe8p8IdF60tzFDvsL5MYj%2FK8ShWmyoSfClFP90yD0vfLG6xpTQd5TBaVo7o7Zqb5x%2BKJ8dS%2F2ZbGBAgPiPaqN9g%2Fu5Mi3uemfOTJSmDUtYsiucxo%2BMxW%2FDndGbrVz5gPlroQmtwAWMrit2BbJ1qh1HhUaFwteoZbGyje%2BNhbLDbJqbK2yKIC%2BtPIZ5ZSfbjMoZw%3D%3D%7Ctkp%3ABlBMUNKyn4DVZQ,$274.00,
laptops,2025 HP Laptop Computer 17.3 FHD 6-Core Ryzen 5 Upto 64GB RAM & 2TB SSD Win Pro,https://www.ebay.com/itm/116453646030?_skw=laptops&itmmeta=01JTM07V3QP72W93RDGHNE37QE&hash=item1b1d2d9ece:g:1IsAAOSwBt1nkA5E&itmprp=enc%3AAQAKAAAAwFkggFvd1GGDu0w3yXCmi1dZvKv%2Bix%2FBtCALbQcHCK--ZE553Y2Vs%2FokNSdJm77el9q0Fmkeq5w9FNfTq1QsJgAtOCuB4sDIMmvvZpSH3W7MNwUMPke1bpdLF6NgerXQBeJSzAEzUqwx9aYm2FdXa8t2gbKV5BWWdztnkoukH9evJBhnP1ywRg9iB0B2WEnJIfVUQpxek7GqyMLWbuuhrO%2BHUczUpeL%2BOC18E9LPEm6MLGr2TthU1qIbW6Vkwv%2FQtg%3D%3D%7Ctkp%3ABlBMUNKyn4DVZQ,$489.00,
laptops,"Lenovo ThinkBook 16 Gen 8 Intel Laptop, 16"" IPS  60Hz,  5 210H,   Graphics",https://www.ebay.com/itm/176826133562?_skw=laptops&itmmeta=01JTM07V3Q82R9ZZGH8QCPPZR2&hash=item292ba8ac3a:g:Gi8AAeSwnLVnq6jJ&itmprp=enc%3AAQAKAAAAwFkggFvd1GGDu0w3yXCmi1dOcDC4FZLxWiY5qcaGS6SgeETLw8mDh8%2BAB4t3ji7HT%2BkCQfRQDt9ImXhhMdtFzDRyflTr6j%2FWxivrgFTGQ4R3ofEF1RniMb3RwDltmfP%2F2%2Fu96Dv6DZ7EJpte%2FNXJwFwiTIr6eGtYutONx0e55dp5OZE52Rq2OO3RvNjdGRIs6XWLUvsh77E%2BUrfer2Ds7RjRIK18p%2Bpt%2F8dyFRCU3OEc9i%2Fg%2B6H6miE2v%2FUeLJinzg%3D%3D%7Ctkp%3ABlBMUNKyn4DVZQ,$977.62,
laptops,"Lenovo ThinkBook Plus Gen 4 Intel Laptop, 13.312""  Glass,  i5-1335U",https://www.ebay.com/itm/156529927711?_skw=laptops&epid=24063291677&itmmeta=01JTM07V3QDDRYECWD43ZMKG95&hash=item2471e9261f:g:1rAAAOSwoUxnPKSf&itmprp=enc%3AAQAKAAAAwFkggFvd1GGDu0w3yXCmi1fNjVR06LyY8snytNpnpOmRIZ5dk2vhL41X%2FqaH1lEEvv6Bv5iJhFfVJ1KIe5KIueoC1k8mwIkcrFMR0uUvbSje23M%2F00sBlQnUvGJTDasnFQlPCC43yo14IfkA4%2BXlJl092%2FVLQa3sUbY4Sy16xICdjl%2BB4KqEz3MehaVL5LjnNZLrLjjmekLnPODifQCKYSLDgO47IUlZnlO21bJ4Mlma3r6PLsupnGIdZ9zNuXEO%2Bg%3D%3D%7Ctkp%3ABlBMUNKyn4DVZQ,"$1,383.76",
laptops,"PANASONIC Toughbook CF-54 Touchscreen Rugged Laptop (i5-7300U, 16 GB/512 GB SSD)",https://www.ebay.com/itm/145972354684?_skw=laptops&epid=27027535532&itmmeta=01JTM07V3QAFE9DMWMTAJ1EY4W&hash=item21fca15e7c:g:uacAAOSwjHlmyMNK&itmprp=enc%3AAQAKAAAAwFkggFvd1GGDu0w3yXCmi1e7NpsSp8QZlnrIeu5dx1bQkMAKrb7nBqy3UQFHkrUTtxN1iVO%2FKKS5X9eAgHRXvXPK4zMFS1Sqo5lrTaY4TA390C%2FlHixg%2FdhcGWhh8w4ycLDvphT3j7h4CqN6hFTSJDLXE3AQB2%2BELtcsCl3tOYXty9o9EXNcyS8%2FXIl%2B7EWZO%2BpIrRXCyPGBCXe9ApGt0vA%2BL4C4WbHYV34i3Y02FtHgUTNpyEuGdcPtyd%2Fz5duv0g%3D%3D%7Ctkp%3ABlBMUNKyn4DVZQ,$419.99,
laptops,"MSI GL63  i7-8750H 2.2GHz, NVIDIA GeForce GTX 1050, 16GB RAM, 128GB SSD, 1TB HDD",https://www.ebay.com/itm/176814759075?_skw=laptops&itmmeta=01JTM07V3QKY7VXCH5JT7B4F4H&hash=item292afb1ca3:g:PjEAAOSwiktnm8oF&itmprp=enc%3AAQAKAAAA4FkggFvd1GGDu0w3yXCmi1f2%2FwQ8XjkNc%2FTDPXtAC64ROf3LKsMFQPcJj4m7VFvBzHLflpNGs8kFEQOb5g2Hncz5csuwyk129A2uYCJIHLyE4zBg8HfYFxsZV1dCvor5ZZfuhRY1bHykFMZZarwKfDRXBh2A5CXzYVLaz%2FLtR7zh4p%2BjCIQEbR66s8%2FUBhs4iD3gAQbxOtpr%2Bh%2B1f14OcIXhrQZRTFgvtDaovP%2FCDxLJQApT3rJyBGGjbOYtWRm0a1goqweHRSFBVx2cComYi4VcZY3aQk973RajhwUFGQI7%7Ctkp%3ABFBM0rKfgNVl,$389.99,
laptops,Dell Latitude 5490 Laptop 14” Intel Core i5 8GB RAM 128GB SSD Windows 11 HDMI,https://www.ebay.com/itm/286101111453?_skw=laptops&itmmeta=01JTM07V2E3P4C49N31BR39JKD&hash=item429cf4829d:g:dxkAAOSwXRtoGX3J&itmprp=enc%3AAQAKAAAA4FkggFvd1GGDu0w3yXCmi1etYN1x20%2FheY7Qhciy4Bei0E5zxLaLMUdH2DagZBL5DWF2YJFoiRj2GPcLaf4BBYjpJPl4BT2pFz90JRlEbe8J%2BuUUdyXgtVFuI%2FOHLIL6FRtifIhrpR7dH32z7u6M74dsalr9fub4IbQvpleSWTW1JrzTxNtvWBjVBeBvZes%2FrjD%2BZpRoxKyjXGM378BldRXIdxEFJzVgTP3B%2BQ2IlR4M1WXrMXx%2F8H6OZKHaPvE3S8yPh3niWBpzO0twBmC7DJuHL2U%2B3CipjTlwq5tBuGkl%7Ctkp%3ABk9SR9Cxn4DVZQ,$186.20,
laptops,"New ListingHP 15-fa10 Victus 15.6"" FHD Gaming Laptop i5-13420H 16GB 512GB RTX 4050 W11",https://www.ebay.com/itm/167498402789?_skw=laptops&itmmeta=01JTM07V2FEP260C2KA4KMDRPK&hash=item26ffaecbe5:g:CjoAAeSwy2FoGhUh&itmprp=enc%3AAQAKAAAA4FkggFvd1GGDu0w3yXCmi1eUTDhqk7buvNbeH8CId%2FqU1LmtJF7XBz%2BVBoLyexjiVc68E5o1AAIDELt2%2BZoEA%2FtyumB1JZJn1OpZJFc7uPVyk2KaWUgtgRdjUgMR47eTQHFUUck%2FDeBh55jkKiERepsH9YKJS8sWdzJob3FTZcj64OHBmCrDZlb7QD%2F9Gnt3U4qRh0L8DxkCkUXdutIB7v2C943eeVMW4gzuaGBqBELTDGAg4YPjuO2HM5fyDbpZcONTeiGrDid3eg4EWV9XIAJd0lUWXlY1EeJks7Wq2YPR%7Ctkp%3ABk9SR9Cxn4DVZQ,$529.99,
laptops,"HP Chromebook 11 G6 11.6"" Intel 2.40 GHz 4 GB RAM 16 GB eMMC Bluetooth Webcam SD",https://www.ebay.com/itm/115603286837?_skw=laptops&itmmeta=01JTM07V2F677VTR2PA3GCK4Y1&hash=item1aea7e2b35:g:yscAAOSwF25nW91c&itmprp=enc%3AAQAKAAAA4FkggFvd1GGDu0w3yXCmi1dWl9nAW7NNMdslwm%2BLe7atym0lwznHjaQyyDnhT4th3KQzpYGHnAe80vRnwKKwOegcE4GHsnq%2FUj6JNSVpQWyUqSUCesr59uL4dvFwz5LG3Tl%2FNeDHA6WDjpp60E%2BogX3zuw3nWYMYXIm4euxdKtKi9d7B9raTJyV7pqThS8wuuc7J9mE42ceF75XnEZnkBHzMxHhe970Wtvoe8TOQSvOTjbGyXNTSD4oc%2BiV%2FEFjTfl7OBd1Et%2BSxegAirp5c5V%2FtEr3Q9t3Y4O3oia1v04gX%7Ctkp%3ABk9SR9Cxn4DVZQ,$69.99,
laptops,Lenovo Yoga 6th Gen ThinkPad 11e 2-in-1 Laptop Windows 11 Pro. 8GB RAM 256GB SSD,https://www.ebay.com/itm/305966728301?_skw=laptops&itmmeta=01JTM07V2F07FKRH00AR749Y76&hash=item473d09c46d:g:APYAAOSwXAdnphxu&itmprp=enc%3AAQAKAAAAwFkggFvd1GGDu0w3yXCmi1fgpw5CsPjtq3pKdmBWyEZW0eezDJ4cY2RHc11kgs0ZtJhRIKOT12fKcWyCJMk5fpd5qpjqLB7HTAX5cKYq7mNnqGM5uQHxFLQLKYrf26dS94ZqlfAkBa%2FYuBtqNw8ezxy5Z4B%2Fydck%2BKhT8WejKzh2tnHyqC%2ByBvA4tkOzcMs5YSf9buJSda1O8PqoBnMRtEKrzZgqO05b5ZdPAHJFoGZ6PYf1iTmnlEKaIbSRcjlnZA%3D%3D%7Ctkp%3ABk9SR9Cxn4DVZQ,$123.00,
laptops,"Acer Aspire 3 Laptop 15.6"" 1TB AMD Ryzen 5 7520U 2.8GHz Certified Reburbished",https://www.ebay.com/itm/266889342994?_skw=laptops&epid=18068847248&itmmeta=01JTM07V2FMQ3DZSQ2RX241N6V&hash=item3e23d83012:g:fNUAAOSwN91njmwe&itmprp=enc%3AAQAKAAAA4FkggFvd1GGDu0w3yXCmi1eYLT82GwiMxB4J3%2B6Oa83imsD2u51q3catKQlBsRQmCNSpl74qEY%2BcwtwLCDrVkyZOExtBiS4r67gyUBLuSth8CDhU3fsLjthk3kyt85%2BjjuDyerL6jmE34qLCrQ33jGORHuZBS3%2F82lEZu0WTuN1dOxc7Ih%2FM3uD2%2Fo6NxQZTNtwC5kPa4tWIGfJasq05H36Qa7beuPk%2B%2F1PlEM%2FzymXlGaYIpYz22Y3LrU7NX1zJ6L6qlG3J2Uhsx9Oy3pCPvHRqAtEqHKRvwZLlwYfWhAid%7Ctkp%3ABk9SR9Cxn4DVZQ,$275.99,
laptops,2024 HP Pavilion Laptop 15 Touch 12th Gen Intel i3 32GB RAM & 1TB SSD Win 11 Pro,https://www.ebay.com/itm/146131418212?_skw=laptops&itmmeta=01JTM07V2F9WMCV293FV1QANBR&hash=item22061c7c64:g:JIsAAOSwbnRnGrtL&itmprp=enc%3AAQAKAAAA4FkggFvd1GGDu0w3yXCmi1eTDZvrt6YvCZspKqbWivAMXSCTJ8BW1oo8p4E2SqrI4SbKHGW3hNhUlAgCD5%2FquB5r8gFLLWOBqyMs%2BE5QUNlQ%2BJeZ5VmCMbTaERd5dGHQJbuULHEUtD8lK--lKAZS%2FKsvoibsB77kG7hx6atFjgtLLe2Wn9hMvrE7sxnmNrE5HtJMh8eg2gaz%2BYaPOC3qeXAiMtBQInopz%2F7nD%2BA8%2BqpEMaWJ4MybEQ7Ri%2B22ddmeXT7pKnsjJ%2FobBnnQ0V%2BUeh8mzxdRPSxk8rpTcraPv3xJ%7Ctkp%3ABk9SR9Cxn4DVZQ,$489.00,
laptops,"~Clearance~ 15.6"" DELL Latitude Laptop: Intel i5! 8GB RAM~256GB SSD! Windows 10",https://www.ebay.com/itm/116436274952?_skw=laptops&itmmeta=01JTM07V2FPVKSPB4FXZ5QFNY1&hash=item1b1c248f08:g:am0AAOSwv1tneDYc&itmprp=enc%3AAQAKAAAA4FkggFvd1GGDu0w3yXCmi1cZbUeHyy96w2NknJoBlZwotjAAhLSbHdvHMXGsGfzmFKjKfsa3zAvqnb61zXEhXuHH7JTRVPMblkPd%2FxGZX929s0SsjEnhQcaJ7%2FB7merA4JAY64tIwDhacmNHiqQbUhsvb5nT17uLNsZh7vlKXPGFglap1hEs2Eug1GXDCg%2Bb8CVb--BohykTu0DSAchmgJL%2BSR6XEd2icXCa6WiXBlI6QVwUCGnKQVBBjhSX7v%2FYHf2XNEgq94tiDBV%2FWOm8AILTNNhG7lXIO6JtbXIBUuU2%7Ctkp%3ABk9SR9Cxn4DVZQ,$169.99,
laptops,Dell Convertible Touchscreen Chromebook 11 3189 Celeron 1.60GHz/4GB/32GB SSD,https://www.ebay.com/itm/375684494602?_skw=laptops&itmmeta=01JTM07V2F8NFHNT3CWG76MVJP&hash=item57788a750a:g:RRMAAOSwZstm~BOT&itmprp=enc%3AAQAKAAAA4FkggFvd1GGDu0w3yXCmi1cnPsfxB7FOVHlbacdqk%2F09MmXgedqqdr%2BZqUN6fxwb3dDjvk%2BPramTz%2FODui%2B%2F0IRkAnUM9P%2FYOhDB9QwuS7nUQj7IRy6ET1wY7%2FEPSqsJyyMQy5gTvb7tsOQ8yEFKzU29fKAmuN3xQyFcFbEkI5a54oxElUSuOMCG2ryh41h7Lqd%2F8WguSnfpcpxe2QW78JFk3M3--TuSWPcW%2FyGL0ZSjtGePgyEk73HEKZSxiui7ck1roYXM2wWXWrPaKkSDJ0YzElE%2BEQWGixr8Pd%2FvvunG%7Ctkp%3ABk9SR9Kxn4DVZQ,$38.00,
laptops,"New ListingLenovo ThinkPad X13 Gen 2 Magnesium 13.3"" ( Intel i5-1135G7 / 16GB RAM )",https://www.ebay.com/itm/177072326633?_skw=laptops&itmmeta=01JTM07V2FCHPCRM84VPW1JA58&hash=item293a5547e9:g:my8AAOSwb5ZoGifr&itmprp=enc%3AAQAKAAAAwFkggFvd1GGDu0w3yXCmi1cjSDqOzDxSqScR%2B79sZ5e4XIYgpeGZfWL2rbxggt3JAiCcZJDoBqjhFgLR1lh9WDIX8LJFREnS3mYhPwYRLKesN7aycO5Qhb%2Bl0LITFRb9UdH8A3EAsSWVJOiOut4C7izpTEIy3nmf2iku3ssvkDstRjG%2BPN2rmRgLu03tdeihsOgN6kDEq6Xu8aNaGKBs38qsPJ%2BFxa%2FNMUDy7WPpZkokOgd5yG109okLCNZPPTsNGg%3D%3D%7Ctkp%3ABlBMUNKxn4DVZQ,$299.99 to $379.99,
laptops,Dell Latitude E6420 XFR Core i7 CPU 128GB SSD 16GB RAM WIN10 GREEN,https://www.ebay.com/itm/236058984515?_skw=laptops&itmmeta=01JTM07V2FSM3QEG4P0E6NW2JK&hash=item36f6364043:g:zAMAAOSwjMhoATix&itmprp=enc%3AAQAKAAAAwFkggFvd1GGDu0w3yXCmi1dqWFAB76BngmGYgbw0uyPNwpN6bi8XurqpWt5twAs3vFlxtlMGTl7Za2QACR2SkMWetHBHtykbZhm4Jccd5WL%2BaTu8xZLdfgQOew312nt31Lwn7P9Cc6jC16CUrdEwOFGMz%2BDHNcWwdLu4W%2Fbv0dq3uHoiuohjcCn7qT5oIPynmNv%2BM%2Bys1PnBT8VqZT8q5bhjZIifaNxvb%2FXgkmjbe29emcU9Zk9OPNz270hkKS9okA%3D%3D%7Ctkp%3ABlBMUNKxn4DVZQ,$404.44,
laptops,ACEMAGIC 18.5 in Laptop Intel N150 16GB DDR4 512GB SSD WIFI windows 11 Pro 1080P,https://www.ebay.com/itm/316436717941?_skw=laptops&itmmeta=01JTM07V2FCSRK58HXFT5VDZAS&hash=item49ad192175:g:Wh4AAOSwxp1nwrYw&itmprp=enc%3AAQAKAAAAwFkggFvd1GGDu0w3yXCmi1eW8RzBQbXEvwWi%2B0sYOjD31aXzSMPuruMnOyV831eXIIi5ih0sDC8sV87vEhF5KWtekirgjebac8k4%2FzmL6cuOKMT0fKn5%2FFKsNFGfBcSyiPdYfyJ85lUklQbfaevKrHbgY04UU1N%2Bdu4GE8551xWrM2R5Taw0NQSijHcOklh4BNUoO2tIe6AUWH7fSXmfT2QU8sgHMEQcjeelnMXMwmOSLYpjhzhEaDQOpMyxxRrQ5Q%3D%3D%7Ctkp%3ABlBMUNKxn4DVZQ,$350.00,
laptops,Panasonic  CF-31   MK5  5th GEN Core i5  WIN10  16GB 500GB SSD   BLUE,https://www.ebay.com/itm/375963037308?_skw=laptops&itmmeta=01JTM07V2F64C0G49Q734QVK00&hash=item578924ae7c:g:NVAAAOSw8OFlCda4&itmprp=enc%3AAQAKAAAAwFkggFvd1GGDu0w3yXCmi1fKkEyJLuw9%2BGt8SVn2gUnO0xC%2FPhi2%2FuqL1vySCYieg2PhfhLLmiurcBa2mbUsrkxeNuuxxWE%2FCV1qarA1sQlPE9XPdggNgpusvG%2F8OQscpYdAQ9sXT53vg61wTiXq5Zbu9LxLl75vrQmMLzWQe%2BxBUt9udQ%2BiUMr1E9A9Wein%2FDnXUueV1Q0P831ToXvU7WBqq4rK6dYnpwzCJDNDNViurmHzR2VovWnj%2FLV8V%2B0Esw%3D%3D%7Ctkp%3ABlBMUNKxn4DVZQ,$303.33,
laptops,"HP EliteBook 14"" Laptop AMD Ryzen 5 Pro 5650U Up To 32GB RAM 1TB SSD Windows 11",https://www.ebay.com/itm/286393092388?_skw=laptops&itmmeta=01JTM07V2FZ8P735N1RCM1K2W1&hash=item42ae5bc924:g:VKYAAOSwNyNoC5pS&itmprp=enc%3AAQAKAAAAwFkggFvd1GGDu0w3yXCmi1esZHRfdbb3DE4CjTep9pBynkdLitO5GO79VH6Mj1t30IQcsleVTKHkZu1zZBg0karOQ%2B9tXSznJRH7J2YU4gaTiWAijEhw4rq2aJ9nufown9Q94Ktj7%2Fp32qMiynv7KbCqrhEQQUtaedc3HkOKBHFBide4LKcULcykmTKlCfAOsluzj1gx0emfNZnyssR35yStxo1toD4BypR38ybp%2BPc1PQkSAuBJUAl0gU5%2F9o0pqQ%3D%3D%7Ctkp%3ABk9SR9Kxn4DVZQ,$210.98 to $420.98,
laptops,"Dell 14"" FHD Laptop Intel Quad Core i7 4.20GHz 64GB RAM 4TB SSD Windows 11 Pro",https://www.ebay.com/itm/335762770305?_skw=laptops&itmmeta=01JTM07V2F1KFGBFBGN2ESGB4T&hash=item4e2d054981:g:T3wAAOSwR1BngY1o&itmprp=enc%3AAQAKAAAA4FkggFvd1GGDu0w3yXCmi1c2xDea%2FiR30bo9wUH6uNuYWLMVU9kzKNWrQeI%2FKbDO1Rhtrr2hmPRrMeXaB5WAFHhqJ1FWdGa7gkEP5TiF0VWkyLSPsPSS3qH28UzlRyy7GPBnx7vgrbIFRk5McTIusoeT%2B2oIkDTZG54gLuhpUL4oJ4LSrx8Yh17EDJvdFXoxJWb4bVOIm7GpuPZiDEtk1Jlhg4wA3ie1iTfqPisVY4fVTX4bjqwaIl55RkNJdo6%2Finbxje7GJ5%2BGMpjDCHhWAiclQVoH1ZSzCffxCPVL1Xgh%7Ctkp%3ABk9SR9Kxn4DVZQ,$239.99 to $567.00,
laptops,"Dell Latitude 7400 14"" HD Laptop Computer Core i5 16GB RAM 256GB SSD Windows 11",https://www.ebay.com/itm/283951308518?_skw=laptops&itmmeta=01JTM07V2FZGYV41VARD0T7Y82&hash=item421cd11ee6:g:ZyAAAOSwC65oDGiy&itmprp=enc%3AAQAKAAAA4FkggFvd1GGDu0w3yXCmi1c1Y3tom7f%2BQSegh8fSpbK98TBU9buQo2wcnLdUHdGlmlnJzwlSRxqaksFgVshqGRd%2Fd1yBcXZdnGzn4V9mY3G9VXtn07YbeX2HOMPOB8MsSVAZRJ37jlSLhdHjxxNY%2BVyPtjZiBfeDjZT9xJatnD2PaJzmbL2sTyiufa7shzezMHrnBaYsplIMe4PaL7hQ%2FlrU90k1K%2FP0kFdRoYtxuAmVw0yrtkYAZyV70fFPB0RsvJllBvdRqt3o8Xe6G9Gsu%2BPQ0qOd0StEp3NbLvbM0YtQ%7Ctkp%3ABk9SR9Kxn4DVZQ,$201.48,
laptops,HP ProBook 445R G6 14” HD Laptop PC AMD Ryzen 5 16GB RAM 256GB SSD Windows 10,https://www.ebay.com/itm/256715710377?_skw=laptops&itmmeta=01JTM07V2F4WVHVPA8CJ50TYH1&hash=item3bc572dfa9:g:gV8AAOSwc9Rn5kQA&itmprp=enc%3AAQAKAAAA4FkggFvd1GGDu0w3yXCmi1ftCpKhMgkW9pqiIRHzuQByz0WMBEVykYcsisCSRDfrzJPhWr1Yq4cgakeK3ukYUbxLBZK5ohDoU%2FXvqkjtPs8S8CAmo9ni9W23SYJ3dMDX33g6TR38g8l2aRnSypI6R%2FGA7MKgHGR75DqMf66uV9zCHQhgLgMw%2BtI9DGLztbVsUn7IGr9lWqfQrKBTSEI%2FwGY1ufWhzbpjOXDYnTIUAE1KQGv78CqjhK%2BSjTn2f%2BLSlQ5D27eZJW6bp5DAl79B6Pmkedi%2FdWyI5SWJ7Xa7x6i1%7Ctkp%3ABk9SR9Kxn4DVZQ,$226.04,
laptops,SGIN  15.6 Inch Laptop Computer  12GB RAM 512GB SSD N5095 Quad-Core Up to 2.9GHz,https://www.ebay.com/itm/387636531493?_skw=laptops&itmmeta=01JTM07V2F7YDFC55F81F8SHST&hash=item5a40f01125:g:zLwAAOSwwFdn~21r&itmprp=enc%3AAQAKAAAA4FkggFvd1GGDu0w3yXCmi1fJdVmrEBn%2BOJMGzTs4SELe8aCyTCWkPX9KTIpQUS2MkCGj0pQH6dXr%2BI1x8Ug0nlP81MfruWrIkleM%2FlmrilOKoI0FeiWZttpm%2BOVEwHJkccA31%2FYtumlzSmRO6gBwJ7hbgdvJ45%2F9yWl%2BXpNdTU8dbN%2FwNW8MIPnGQ88oImcBsL3rTEGzonY14Hu1Ng1O93IKR0YqNNeD%2BFe%2FCjegq%2BddqL%2BIBRnVZI9LfmH%2FTX2Bio2dCEEmqB5rncYbokg9OwYjm1HSsEWXAeW84lIq4rea%7Ctkp%3ABk9SR9Kxn4DVZQ,$125.99,
laptops,"New ListingDell - G15 15.6"" 120Hz Gaming Laptop FHD - Intel 13th Gen Core i7 with 16GB M...",https://www.ebay.com/itm/236089108764?_skw=laptops&itmmeta=01JTM07V2F20ECN4Y4K6JT120S&hash=item36f801e91c:g:zNEAAeSw6KNoGp~m&itmprp=enc%3AAQAKAAAAwFkggFvd1GGDu0w3yXCmi1dlsuKek%2BaR%2BKfO8JmAfuKnAU8UTHUph92aOUHp1yButXO69FcWD35Tk73Z7w4tAzgDP2MRhbO%2BUCa%2FDfDQhkTAMxxDym%2FVhVZ%2FXjYTMnbzHuHjZer%2B79CHbIip3JxRk3uOuezMWrg6ON3HDETY150Wzdq1ZoQl2oETPvSP1URhoolqAASS12JgbtQ3qXUMUkRMaDnh9KC5RKaHYIVg7ilgCNlnBPfllrIWRVnKeCfu%2Fg%3D%3D%7Ctkp%3ABk9SR9Kxn4DVZQ,$999.99,
laptops,SGIN Laptop 14/15.6/17.3 Inch 128GB 256GB 512GB SSD Up to 2.9GHz IPS Type-C,https://www.ebay.com/itm/387216795175?_skw=laptops&itmmeta=01JTM07V2F3EZF5Q66ZC2P6AF6&hash=item5a27eb6627:g:tJoAAOSwvPNmmeFK&itmprp=enc%3AAQAKAAAAwFkggFvd1GGDu0w3yXCmi1dBEwXQ94yiPwBvkNlwa7c12%2FegztjMjhhqj87PinLwN%2FXwSpLx2cICk7a4snZMJIXLYno2VqFuV%2Fr4H0PJlUZZZp%2Fm9A4ueqGGj0U2l8zWNnZB6Atf%2FtvoeRq4OUviwNKBoaFHCTGoE2P1f58pK7caZv2hydRC4Bd8Sg04gk9Y6GzjKCzRDVB0nOyboBOS1mpE8px85emsHJ6DpD%2BoMAYgdWsKCBazo8pYhq4m1sHgXg%3D%3D%7Ctkp%3ABlBMUNKxn4DVZQ,$169.99 to $239.99,
laptops,Panasonic CF-54 MK2  6thGEN @ 2.4GHz  Core i5  WIN10 PRO  16GB 1TB SSD  BLUE,https://www.ebay.com/itm/376199894952?_skw=laptops&itmmeta=01JTM07V2F1745S77KAK72CGFX&hash=item579742d7a8:g:1eEAAOSw1B5nJo3j&itmprp=enc%3AAQAKAAAAwFkggFvd1GGDu0w3yXCmi1cjC7%2BLIt8obkvYNA15Vh5ZqSjKDBnailuyBavDeo62oaAtorpFk%2FktJk2UPLDTD4ULFDXM%2B01arzJkukmufGle7jTETao%2F3B4DrbB%2FD4RU8hSAY9K0qZfDsMNSoB%2BQ%2Ff5IWbZSih7Gl4er5Vt6PebLGvdA3UFdeb6omhCuiCGfhN7HqZaSvt9hFM9%2F8dM6knXvGhjfIlESd4dWJ1hzug%2FPJppC5zRQEz7Cu%2BRmW1EsSg%3D%3D%7Ctkp%3ABlBMUNKxn4DVZQ,$633.33,
laptops,"Dell Latitude 5300 1.6GHz i5-8265U, 16GB RAM, 256GB SSD, WIN11, WiFi, BT, FHD",https://www.ebay.com/itm/365504369979?_skw=laptops&itmmeta=01JTM07V2F3Y549351MVRNEHKR&hash=item5519c2153b:g:0W8AAOSwJk9n7saT&itmprp=enc%3AAQAKAAAA4FkggFvd1GGDu0w3yXCmi1d0lG07V6TNQQLC5eyd%2Ba35lbtcbEySbaLzdXY%2BJxCBlGJOgkyMn%2BWv4Zaqm7miiOwi6e3OCI0C1zCxvJS65a2I9ON5PkyoK%2BuqZYq%2FDVSt0xreHbWHSwM1rEpE3WijMTfbTOdP%2Fv81GLJBUM0HHu6Ow%2Fwm4JwnJuemsfI%2Fhe%2FF6sDZz6cPLIpadNZwsZdcLkG6E2mgIcAo%2B%2FWSQsZhKFBb3S3MqkPnhgr2Ff9mPNEygK95yrFst8OjLeTWNd%2B1SDRQgx3WO1kS%2FEWRvxNRGCqx%7Ctkp%3ABk9SR9Kxn4DVZQ,$124.95,
laptops,"Dell Latitude 3180 Laptop 11.6"" Intel Pentium Windows 10 4GB RAM 128GB SSD WiFi",https://www.ebay.com/itm/263591761893?_skw=laptops&itmmeta=01JTM07V2FCNV9Z4JD8C7GXR1S&hash=item3d5f4b17e5:g:bUYAAOSwU8hoFICG&itmprp=enc%3AAQAKAAAAwFkggFvd1GGDu0w3yXCmi1d5dpp5WsJlj6A6NFtiNEYguP1YAQrRJTV21ri2wlelwcmAli0hjejUHLOAz2K0kBdcN%2FTw6PTYxNQ97Wtgul%2FjQii4ipVh4lKCcYrDLZu1E7MYA472Y%2FXqtqB0Gzt7V1%2FCVW%2FKvfoRNQQNFHwVvxnKzvWBNvXBKb3jfb65uocwiIQjvCcLKYJ24zvp0fe3%2FDl0MYw7dEu%2F3dGV%2Bx14J1lUfNoNlaZupFQdApBGV1zKqw%3D%3D%7Ctkp%3ABk9SR9Kxn4DVZQ,$90.03,
laptops,"New ListingOPEN BOX Dell Latitude 5540 i7 15.6 Inch 16GB/256SSD, Win 11",https://www.ebay.com/itm/376227310513?_skw=laptops&itmmeta=01JTM07V2FEE24DFY88WA78MV5&hash=item5798e52bb1:g:hjMAAOSwHepn7hAG&itmprp=enc%3AAQAKAAAA4FkggFvd1GGDu0w3yXCmi1csHfbY5UAMV7PYLFzHLS1A84F2KmU1%2Bvxw7D3S1sNVr3ZvUcw6ACbEWXGJghmhaJLR02jjwxjwYQ8QdyIHcA6VUJ3LI8BDcefp%2Bn2XqANXCBpCni4b07uKW9WgnPZpaV6xoRZ2gA%2FOKtxDkZlDHw28QtCT3SP%2FEae6p1HwAhdLKUR67L3qOev51jWTLRl5JpqIv1fCKxMQCuhTkM8wLO85GA1IglmypWaFNb%2BYNJwOcebGBtOeFH5b8I6lTXYhZNunYvKlmJ39lnjAB%2BDOr2RM%7Ctkp%3ABk9SR9Kxn4DVZQ,$800.00,
laptops,2025 Lenovo IdeaPad Laptop Notebook 15.6 Intel Processor Upto 20GB RAM 1TB SSD,https://www.ebay.com/itm/146493392451?_skw=laptops&itmmeta=01JTM07V2FVXBNZW05CCF1429C&hash=item221bafc643:g:OrUAAOSweZ1n7bDV&itmprp=enc%3AAQAKAAAA4FkggFvd1GGDu0w3yXCmi1f6B1uIQQdigWZtEofdUpttps5RFPf49hIrSr%2FkPH3hw36tJtf4jPsfsvYY7zoaRUAh00srKgZKh0Bl5lcwdkJcwygY01NWnpAIcvFhQ92aQgywj6iHsMEal439rjWp6skr49KE64Zwf%2ByxuHBDZVy7PEx%2B3emCb46WFMH7nzims0fOpk16H6dLVpodlVUUVn%2FidMKKuNVCaBHRHpYofoB0A9QYizb4g1Hbws4Ajzra6S0yKRmAx5JZfNEVH5iQnCIOXH8w7yCcbt43D9D5RcuU%7Ctkp%3ABk9SR9Kxn4DVZQ,$239.00 to $349.00,
laptops,"GRADE A, Dell Latitude 7400 2-in-1 Touch Laptop i7-8665U 16GB  512GB SSD Win11",https://www.ebay.com/itm/236087311963?_skw=laptops&itmmeta=01JTM07V2F9GF6Y2VS1JSW95EF&hash=item36f7e67e5b:g:180AAOSw63loGQLZ&itmprp=enc%3AAQAKAAAAwFkggFvd1GGDu0w3yXCmi1f1uxSATRBBxd6a94sq5KYb9CAlM5PoOVBFZ%2BP44IEt3%2FexN8Gyj7MNZ57e7RzpOSayS4xMSDeJSMHGVZKQ7gV%2BdpMDevdG39uUPBydJ2sARtUtijItygPpHrsMc0DqNUhNf%2B97qvSQ3bPprFcfcCNqXZjh44QWKGrw%2Ft2trgt1p%2FbfgoHVYa%2Bxp5tsSrn1tTc3rgiuYTOonNt9TTMTRfSvlXqWHzhwQOv13jpqzA20VQ%3D%3D%7Ctkp%3ABk9SR9Kxn4DVZQ,$249.00,
laptops,"HP EliteBook 845 G8 14"" AMD Ryzen 5 PRO 5650U Laptop Win 11 16GB RAM 256GB SSD",https://www.ebay.com/itm/283987164379?_skw=laptops&epid=5031559411&itmmeta=01JTM07V2F0N31YH011HSDPBNA&hash=item421ef43cdb:g:srgAAOSw~5xn52bT&itmprp=enc%3AAQAKAAAAwFkggFvd1GGDu0w3yXCmi1d%2BKySyFRYDR%2B5HbOveEh%2FEEvsl4S9GSBYmPe18eHUJ4GWyMOw%2F%2BUqwwryoY%2F%2Bw4yeu0ZonJAWEWQDDROjyDhGV2I82os0JNpa6pJGyFJ7UluTnzxq%2BnssChUkvrlVsWSJ%2FSNZancrQvmYl65tmdnhE9OiBvFOq23RarIONDeKUJMuqC9iWIw2ubblR2QygWA3BOosc9gZL7q86LiJtUxVV7Omu4kKdedz4c90%2FKyP%2BBQ%3D%3D%7Ctkp%3ABk9SR9Kxn4DVZQ,$261.13,
laptops,"Dell - Inspiron 14 2-in-1 14"" IPS LED FHD Touch Screen Laptop - AMD Ryzen 5 w...",https://www.ebay.com/itm/204802773696?_skw=laptops&itmmeta=01JTM07V2FD6H42M7HNSAJR6Q0&hash=item2faf3252c0:g:hhMAAOSwHcVnmTCV&itmprp=enc%3AAQAKAAAAwFkggFvd1GGDu0w3yXCmi1f5FFDmyju5HxCUtins9xcyhVsUubtntq%2BKl%2BJeDoMo3B9FxDqVxePuelTCW2xa1Pm9RQqK8MBNjvev4oM49KVLY2yRJ%2BlINcSTxS777qNsfPwcmNcGnb330QBYgnH%2B8ziCMxSd3ytigF7whSLSSh%2F39%2BYrT3DXlOEevLC%2FXNSi3voR1GFfHEcsJUffYOIQANah5erwvCA%2BuuFbX6viVYFlQyxJ9mtq4L%2BP3m1VMGkzEA%3D%3D%7Ctkp%3ABk9SR9Kxn4DVZQ,Tap item to see current priceSee price,
laptops,"1 Year Warranty HP Chromebook 14 G5 14"" Celeron 1.1GHz/8GB/32GB SSD - 3PD87UT",https://www.ebay.com/itm/356706065193?_skw=laptops&itmmeta=01JTM07V2FMR23GTEG4BBD91J6&hash=item530d569b29:g:vgIAAOSwv1dn4c4W&itmprp=enc%3AAQAKAAAA4FkggFvd1GGDu0w3yXCmi1elOkH8%2BO1RbvbXQEXrwdbZqolWA7PuehcVgOj9qSFTQfWsl2PMRyq8WsQhmwFy1gWy59NMVbR4aBcpi%2BLlRwWSTlqhocYV17wsQVpgINjtRb83taYLOAlTWJlte%2BDbxeVdAfA0Isi0E3SbAy0d4ApG82%2BG9ufbavdRkjVT6Fc1bya8Wn1AHrw--Y5C0Q3sMmi0DcxDizleiLgK%2BzYkt1UtBFFcr%2BZzsDX9AsXNqBQBcNtyrI8cjRuvLxeUn4X8tKq%2FU6946fS%2Fvzx5qWVFSpPJ%7Ctkp%3ABk9SR9Sxn4DVZQ,$54.99,
laptops,DELL CHROMEBOOK 3380 INTEL CELERON 3855U 16GB SSD 4GB RAM LAPTOP BIRTHDAY GIFT,https://www.ebay.com/itm/166975613669?_skw=laptops&itmmeta=01JTM07V2FDSAHPJ0W8A7NCGWF&hash=item26e085aae5:g:~jcAAOSwgvlm6Jdx&itmprp=enc%3AAQAKAAAA4FkggFvd1GGDu0w3yXCmi1fGGEE6UjuOOEVoNgS9fu8SRYzj8q02aMpTJjnUcJMHFho5AXXguBiUzfZiyZdAl6JHQIE9WuXPaJPlBPRt8jtXqtx%2FV8aUI%2BnCT%2Byn4p%2Fjo%2FSygcdVbQswnGOIImspr4S9uNWrAZ%2FbG2fNedPnZ5t0g88u1so4UyadIvtxOhYgf3%2B%2BmuZavxHzz2gAeLep%2FFyi7SRXc54smr11UKt%2B0P5fh7FKqJQSb1Kaz5Pj4QrOpsYRwunGMeMebgUck%2Fzhu4AAWKcNa0t6a%2BF3E%2B1mqV4o%7Ctkp%3ABk9SR9Sxn4DVZQ,$38.00,
laptops,"New ListingLenovo ThinkPad x390 13"" |  i7-10510U | 16GB RAM | 256GB SSD | 30-Day Warranty",https://www.ebay.com/itm/326568053029?_skw=laptops&itmmeta=01JTM07V2FE6P0EXV5ENFC56CQ&hash=item4c08f90925:g:6XYAAOSweONoGp-r&itmprp=enc%3AAQAKAAAA4FkggFvd1GGDu0w3yXCmi1dr4ZsSwoq2OYJaFojIAI3sfnoNaJaLrGH6jg%2B8BYEpK7zB3y2XPpzQQVaLDhJ3dCwIRR3u7ZzI%2FODMuiTlA5fNL2ogG9oT27cjk5rMJ1UYKrxTajGcBWR4JJzOWhPVERLheZ2%2F8PQceerw3AvNUqfSmI0MT4QbJwI8gSy0lkkxxHHdhAlnLASzpXyjF%2BbvvO4jOuy16TQ2zhx0ncPRDodjbCwXMJVsmCYS2ZBrTjGZaxN9In5H8iwP9UU5k3o15V57xTD9kYJPva8WF5zAzL4X%7Ctkp%3ABk9SR9Sxn4DVZQ,$200.00,
laptops,"Lenovo Ideapad 5 Laptop Ryzen 7 8845HS 16GB 1TB SSD 14"" Touch W11H 83DR000GUS",https://www.ebay.com/itm/305816263747?_skw=laptops&epid=5070890859&itmmeta=01JTM07V2FX0HZX3FGC092KZX3&hash=item473411dc43:g:zWgAAOSwMB9m~EOr&itmprp=enc%3AAQAKAAAAwFkggFvd1GGDu0w3yXCmi1c6Nxpc6BxO6gfjmzKw%2FrpAcg3NtYCpL8r7NPH%2F7sf5HPwmxARmOosziwa3T4A3QhwJxDZNZ2ywclT2W4o8pY2PS32RKzPVelnyBJhPPFz2gfHuaU5DZjsx7VxS3YhAXu1FL8r3vPJ%2B6YMw%2FnesqXORvvWidOE%2BvkqK7TFmhQQ15Xjlf0QNRXuFvLRR6ABgMPTCZRbDMyYMPLc1hCBb2xO318sfhsh90GeVzboQHSfzXg%3D%3D%7Ctkp%3ABk9SR9Sxn4DVZQ,$469.49,
laptops,touchscreen Acer Chromebook  Spin 11 R751T N3350 1.1Ghz 4GB 32GB SSD (SEE PHOTOS,https://www.ebay.com/itm/316244785530?_skw=laptops&itmmeta=01JTM07V2F9Y32HHC4AED5NNVY&hash=item49a1a8797a:g:718AAOSwJBhnL9Qf&itmprp=enc%3AAQAKAAAA4FkggFvd1GGDu0w3yXCmi1eeAUT43Opq2aVKvoGuVsMIXMZ2mgWl7k0Uw0JN2Tz%2BNy7ortcWAEYIIV7ThNgqxpC%2BtGPWPTJcIU3oXPh%2B3%2BDQMcqUrMNCi%2BhZ21VJ2c0N5xyoQQcmTtkyiZDZGymKIbJvbygnT%2BJkbkSnGrtf87s35htxtgxaOAibJUSRjdDeYH%2BBbVY5G4lgVOWYcPhUVbLpCxWlrrRVgpPdV0oqCoL8LYY7k7WY8qs2AjBXWT8D9eRdAUYR%2FwqznGRCBW9sZGoe4Q4EHgx9yeRJ%2Fc8wEvpA%7Ctkp%3ABk9SR9Sxn4DVZQ,$36.00,
laptops,"Lenovo 300e Chromebook 11.6"" Touch, Intel Celeron N4000, 32GB eMMC, 4GB RAM",https://www.ebay.com/itm/286533178871?_skw=laptops&epid=23041030764&itmmeta=01JTM07V2FWFXY5ZSSD0ANT7HZ&hash=item42b6b555f7:g:7tgAAOSwkaJn0ysS&itmprp=enc%3AAQAKAAAAwFkggFvd1GGDu0w3yXCmi1dKys7y%2BNZzYZRttdED8o0xI%2FbuF8KzEtnos%2FpsjKreSDcwDNnvhXyTtU8krw7%2BCKxgRbVDYogfX9WE4W9u1u8Qh9%2FjqWa742Kbbohv2oLu4KKfrQS3bfjT2kqTIWYCNsmYG%2B1Yf8n9%2FpDT85pC48WlC14h7xbWJfv2ARpiZvhu4l2WA9DLNeQs5pfuNXtsmpvEftgUOI2aZmEMgJbzGSO3jy4sJxv%2FA52xCXSgpZZdUQ%3D%3D%7Ctkp%3ABk9SR9Sxn4DVZQ,$29.99,
laptops,"Windows 11 PRO Laptop Notebook PC Computer, 8GB Ram, Webcam, Wifi, and HDMI",https://www.ebay.com/itm/235711075450?_skw=laptops&itmmeta=01JTM07V2F8PCVQWKESA1P500G&hash=item36e179947a:g:KMMAAOSwJlFmyVxM&itmprp=enc%3AAQAKAAAAwFkggFvd1GGDu0w3yXCmi1eNCCWPrtVmRgtzu2Tc0SJB4NJawDzZTLYYJP%2BugEkGpGrqlPWCPcZiWkpt3UbZiVWazYIe2N94ZL4j2W9vyl5MBWyYWSFtQ%2Byshdj2kfjXjd4iLNrV1iRzJQIWRSR0qamCmyVrM6ITVQea%2FicmR1VK1F5REGHDRo4crLa6hJ5o3zHSTbK8HwVy1HMh48rOKJyrwZWtnHYS4XQZ0L9pWUTipu9M4BmzYn9Es4%2FVx3UV6w%3D%3D%7Ctkp%3ABk9SR9Sxn4DVZQ,$144.00,
laptops,CTL NL7T - 360 TouchScreen 2in1 Chromebook 4gb 32gb SSD   **See Description**,https://www.ebay.com/itm/305533687241?_skw=laptops&itmmeta=01JTM07V2F5N5N0XTP69BB0H9C&hash=item47233a15c9:g:ZqEAAOSw4B1nN6sa&itmprp=enc%3AAQAKAAAAwFkggFvd1GGDu0w3yXCmi1ckdSrR%2BxljqzWNiXkt577EZuicxxYjSWtgxgOUURfPEeUdXvT9eH7i65n7GL5VwTUGKRFpXQnCRv1wasfXbBLw%2BMcSxKlNOCGKa5ohCmfyMojEvwh89tWsSnW4IX1nTRtWVtAk4EnxHsRDf%2B8EAq2vhNAoYtH2TxO%2FpbNDAmIGDw1E1h2KsZPLnS0R3LZIsteUJK7Mo7uzjO9RR8mbjz6tPaDbiDUPKwwDYy4QCuye3A%3D%3D%7Ctkp%3ABk9SR9Sxn4DVZQ,$29.00,
laptops,New ListingHP EliteBook 8470P Intel Core i5-3320M 2.60GHz 4GB RAM DDR3 1600MHz Laptops,https://www.ebay.com/itm/187200239276?_skw=laptops&itmmeta=01JTM07V2FCNQKABH7X4ZD0F33&hash=item2b9600f6ac:g:PMcAAOSwqL1oGgwk&itmprp=enc%3AAQAKAAAA4FkggFvd1GGDu0w3yXCmi1eZnNaIfsqYpBTTjXj9yk1D%2FECxI0Z8iKxrmOVCsiygxhWC9Yx%2F4I1pH4qrXCZdy8UD9%2FQRwYFbYKX%2Fcta7cTJWhNpNh6M6OVsh7iH7B5N9B2Zxel3d41B%2BwTOmk1Z7ISohGK4482htuW1Ra33FFFCK2yaYkRXJdSfdbX5EpZ%2F4kndo989%2F5Y4tHG5bcmto%2BoV5pmp22dsZZbw94hG193q3NGYPW0TllLbgpZhYFgpk%2BjI8x0RGm0xVwWA%2F%2BKsALCyGsN8qlBxsQRNAtp25axRO%7Ctkp%3ABk9SR9Sxn4DVZQ,$22.50,
laptops,LENOVO THINKPAD x131e AMD E-300 4GB RAM 320GB HDD WIFI WEBCAM HDMI WINDOWS 7,https://www.ebay.com/itm/256914787538?_skw=laptops&itmmeta=01JTM07V2FWF35XA2VK1RHZ7P7&hash=item3bd1508cd2:g:-BsAAeSwseBoCYOV&itmprp=enc%3AAQAKAAAA4FkggFvd1GGDu0w3yXCmi1eoTE5IANgTHEBJJTWGW9h2DjKEj8i%2Fxiw%2Bxzd5BJvflE6DYpJsvXkW4Y6I2WE%2FtufOySJ9JnHydZ9xVLyAFpPt4nOWlW0E4qmmFF9MueDzLHTRdav28aar7WZ7Y8DJb4I%2BXxN9gAZ3%2F39EefQ3BgJNBcXmb%2BFQRZiGZ9%2FENsXOfFRSS%2FaQP8eYcr6%2FJEG%2Bxs304oC%2FYw060hpdbsJIf6vqKSIc8IfMJE3Qg%2B2SIh%2BY09qJRYAhwDYiv%2Byx%2F%2BtOpmWxiWGthMw3OB7CqXUbJoha%7Ctkp%3ABk9SR9Sxn4DVZQ,$30.00,
laptops,"Lenovo ThinkPad T14 Gen1 14"" Laptop i5-10310U@1.7GHz 16GB RAM 256G SSD Win11 B0",https://www.ebay.com/itm/326560279014?_skw=laptops&itmmeta=01JTM07V2F6DZQMXG65NZV65HQ&hash=item4c088269e6:g:bBcAAOSw4BFntSLI&itmprp=enc%3AAQAKAAAAwFkggFvd1GGDu0w3yXCmi1dEaEzLL9FSpWKHDH32D1bP6GG1gJV016SGpjwSzTpu3eJhxTCoGi3kpC4W6cqyPnmifl%2F9sSZUFE5Wlg6ODCETSff8nqy4IE3EXsm7etocgVVAl8u8ad41J1H9usUhw7%2BVqm7w1%2F3tJBpZUC41GLqiKPvIkV0LZ2VDkaCk%2BRSDdpxqdC2%2BHn1jsvRQaRsrF%2B4MiwlLeAwEH3zJCl6eEfTs6sYTgS7udEA0AlEW5yBWoA%3D%3D%7Ctkp%3ABk9SR9Sxn4DVZQ,$159.99,
laptops,Lenovo  V15 G4 IRU Laptop,https://www.ebay.com/itm/256805221030?_skw=laptops&itmmeta=01JTM07V2FNR50X2QT9YKRN4D2&hash=item3bcac8b2a6:g:DvYAAOSwyAtnomrZ&itmprp=enc%3AAQAKAAAAwFkggFvd1GGDu0w3yXCmi1fMT9KATUCyWFOhrZgShfUNWHe3L92odC4fnaFg2eoisuVeX4FhP27R7DBxLkow70XCs8nQyd9PvONrgNGXlR7bhmvLArD%2FWTU26SUf3fGJeqpy8q4aT%2FIFv8TBoEI%2FiIG%2FFWgfsVFhiHlZuoQUAlguCFHhOqsVgd7hD2TQ4TdfexnJK31a5bNT7YtjHU%2F4XDa6M8XxviI3QRQQ2CCSLRdp8Wpa67kvNwkDGfpPLDBJpQ%3D%3D%7Ctkp%3ABlBMUNSxn4DVZQ,$400.00,
laptops,"~OVERSTOCK~ 14"" HP ProBook Laptop: Intel i5! 16GB RAM - 512GB SSD! Windows 10!",https://www.ebay.com/itm/116562242615?_skw=laptops&itmmeta=01JTM07V2F9DV6C8ZWJ6VEASGA&hash=item1b23a6ac37:g:Ks4AAOSw0hpn~sCl&itmprp=enc%3AAQAKAAAAwFkggFvd1GGDu0w3yXCmi1dAe%2FaTf1vmNVDOlkfCMySXFBXyjZee4Prtu%2ByfbVXlOfRQIrQrjCTNDqHZzhA0j7x2t1zg7OpZUKU849UnICOHaX7FTYvJEQCs5IzqvcvIePP6OR%2F%2BTS9oe%2FsAamjHvpQ6%2FbgVuTpdvHpsH3NfYid95M0kaxfXjYaz--u84aO7fCEzySgJfhe5JHT0Q8%2B77yHE3%2BQJ7CYKeo%2F6wr9cynKwKOLGuX6F2vRBKdY%2BR6%2FTEQ%3D%3D%7Ctkp%3ABlBMUNSxn4DVZQ,$179.95,
